,corner,position,grade,first_move,second_move,third_move
0,1,3,1,U,,
1,1,6,1,U',,
2,1,8,1,U2,,
3,1,9,2,U,B,
4,1,9,2,L,U,
5,1,9,2,B,L,
6,1,11,2,B,L2,
7,1,11,2,B',U2,
8,1,11,2,U2,F',
9,1,11,2,L2,F,
10,1,24,1,B,,
11,1,26,2,B,L',
12,1,26,2,U',F',
13,1,26,2,L',D,
14,1,12,1,L,,
15,1,14,2,U,R',
16,1,14,2,L,F,
17,1,14,2,B',U,
18,1,27,2,L,F',
19,1,27,2,B,D,
20,1,27,2,U',L,
21,1,29,2,L,F2,
22,1,29,2,L',D2,
23,1,29,2,U2,R',
24,1,29,2,B2,R,
25,1,15,2,L,U',
26,1,15,2,U',F,
27,1,15,2,B',R',
28,1,17,1,B',,
29,1,30,2,B,D2,
30,1,30,2,B',R2,
31,1,30,2,U2,F,
32,1,30,2,L2,F',
33,1,32,2,U,B',
34,1,32,2,L',D',
35,1,32,2,B',R,
36,1,41,1,L',,
37,1,43,2,U,R,
38,1,43,2,L',B,
39,1,46,2,U',L',
40,1,46,2,L',B',
41,1,46,2,B',U',
42,1,48,2,L,U2,
43,1,48,2,B,D',
44,1,48,2,L',B2,
45,1,48,2,U2,R,
46,1,48,2,B2,R',
47,1,33,1,L2,,
48,1,35,2,U,R2,
49,1,35,2,U',F2,
50,1,35,2,L2,D,
51,1,35,2,B2,D',
52,1,38,2,U,B2,
53,1,38,2,U',L2,
54,1,38,2,L2,D',
55,1,38,2,B2,D,
56,1,40,1,B2,,
57,3,1,1,U',,
58,3,6,1,U2,,
59,3,8,1,U,,
60,3,9,1,B,,
61,3,11,2,U,F',
62,3,11,2,B,L,
63,3,11,2,R',U,
64,3,24,2,B,L',
65,3,24,2,U',B,
66,3,26,2,B,L2,
67,3,26,2,B',D2,
68,3,26,2,U2,F',
69,3,26,2,R2,F,
70,3,12,2,B,U',
71,3,12,2,U',L,
72,3,12,2,R',F',
73,3,14,1,R',,
74,3,27,2,R',F2,
75,3,27,2,U2,L,
76,3,27,2,B2,L',
77,3,29,2,U,R',
78,3,29,2,R',F,
79,3,29,2,B',D',
80,3,15,2,B,U2,
81,3,15,2,B',R2,
82,3,15,2,U2,F,
83,3,15,2,R2,F',
84,3,17,2,U',B',
85,3,17,2,R',U',
86,3,17,2,B',R',
87,3,30,2,U,F,
88,3,30,2,B',R,
89,3,32,1,B',,
90,3,41,2,R,B',
91,3,41,2,U',L',
92,3,41,2,B',D,
93,3,43,1,R,,
94,3,46,2,R,B2,
95,3,46,2,R',U2,
96,3,46,2,U2,L',
97,3,46,2,B2,L,
98,3,48,2,U,R,
99,3,48,2,R,B,
100,3,48,2,B,U,
101,3,33,2,U,F2,
102,3,33,2,U',L2,
103,3,33,2,R2,D',
104,3,33,2,B2,D,
105,3,35,1,R2,,
106,3,38,1,B2,,
107,3,40,2,U,R2,
108,3,40,2,U',B2,
109,3,40,2,R2,D,
110,3,40,2,B2,D',
111,6,1,1,U,,
112,6,3,1,U2,,
113,6,8,1,U',,
114,6,9,2,F,U2,
115,6,9,2,F',L2,
116,6,9,2,U2,B,
117,6,9,2,L2,B',
118,6,11,2,U',F',
119,6,11,2,F',L',
120,6,11,2,L',U',
121,6,24,2,U,B,
122,6,24,2,L,D',
123,6,24,2,F',L,
124,6,26,1,F',,
125,6,12,2,U,L,
126,6,12,2,F,U,
127,6,12,2,L,F,
128,6,14,2,L,F2,
129,6,14,2,L',U2,
130,6,14,2,U2,R',
131,6,14,2,F2,R,
132,6,27,1,L,,
133,6,29,2,L,F',
134,6,29,2,U',R',
135,6,29,2,F',D,
136,6,15,1,F,,
137,6,17,2,U,B',
138,6,17,2,F,R,
139,6,17,2,L',U,
140,6,30,2,F,R',
141,6,30,2,L,D,
142,6,30,2,U',F,
143,6,32,2,F,R2,
144,6,32,2,F',D2,
145,6,32,2,U2,B',
146,6,32,2,L2,B,
147,6,41,2,U,L',
148,6,41,2,F',D',
149,6,41,2,L',B,
150,6,43,2,L',B2,
151,6,43,2,U2,R,
152,6,43,2,F2,R',
153,6,46,1,L',,
154,6,48,2,F,U',
155,6,48,2,L,D2,
156,6,48,2,U',R,
157,6,48,2,L',B',
158,6,33,2,U,L2,
159,6,33,2,U',F2,
160,6,33,2,F2,D',
161,6,33,2,L2,D,
162,6,35,1,F2,,
163,6,38,1,L2,,
164,6,40,2,U,B2,
165,6,40,2,U',R2,
166,6,40,2,F2,D,
167,6,40,2,L2,D',
168,8,1,1,U2,,
169,8,3,1,U',,
170,8,6,1,U,,
171,8,9,2,R,U',
172,8,9,2,U',B,
173,8,9,2,F',L',
174,8,11,1,F',,
175,8,24,2,R,D,
176,8,24,2,F,D2,
177,8,24,2,F',L2,
178,8,24,2,U2,B,
179,8,24,2,R2,B',
180,8,26,2,U,F',
181,8,26,2,R',D',
182,8,26,2,F',L,
183,8,12,2,R,U2,
184,8,12,2,R',F2,
185,8,12,2,U2,L,
186,8,12,2,F2,L',
187,8,14,2,U',R',
188,8,14,2,R',F',
189,8,14,2,F',U',
190,8,27,2,U,L,
191,8,27,2,R,D2,
192,8,27,2,F,D',
193,8,27,2,R',F,
194,8,29,1,R',,
195,8,15,2,U,F,
196,8,15,2,R,U,
197,8,15,2,F,R,
198,8,17,2,F,R2,
199,8,17,2,F',U2,
200,8,17,2,U2,B',
201,8,17,2,R2,B,
202,8,30,1,F,,
203,8,32,2,F,R',
204,8,32,2,U',B',
205,8,32,2,R',D,
206,8,41,2,R,B2,
207,8,41,2,R',D2,
208,8,41,2,U2,L',
209,8,41,2,F2,L,
210,8,43,2,R,B',
211,8,43,2,U',R,
212,8,46,2,U,L',
213,8,46,2,R,B,
214,8,46,2,F',U,
215,8,48,1,R,,
216,8,33,1,F2,,
217,8,35,2,U,F2,
218,8,35,2,U',R2,
219,8,35,2,R2,D',
220,8,35,2,F2,D,
221,8,38,2,U,L2,
222,8,38,2,U',B2,
223,8,38,2,R2,D,
224,8,38,2,F2,D',
225,8,40,1,R2,,
226,9,1,2,U',L',
227,9,1,2,L',B',
228,9,1,2,B',U',
229,9,3,1,B',,
230,9,6,2,B,L2,
231,9,6,2,B',U2,
232,9,6,2,U2,F',
233,9,6,2,L2,F,
234,9,8,2,U,R',
235,9,8,2,L,F,
236,9,8,2,B',U,
237,9,11,1,L,,
238,9,24,1,L',,
239,9,26,1,L2,,
240,9,12,1,U',,
241,9,14,2,L,U',
242,9,14,2,U',F,
243,9,14,2,B',R',
244,9,27,2,U,D2,
245,9,27,2,B,L',
246,9,27,2,U',F',
247,9,27,2,L',D,
248,9,29,2,U,R2,
249,9,29,2,U',F2,
250,9,29,2,L2,D,
251,9,29,2,B2,D',
252,9,15,1,U2,,
253,9,17,2,L,U2,
254,9,17,2,L',B2,
255,9,17,2,U2,R,
256,9,17,2,B2,R',
257,9,30,2,U,D',
258,9,30,2,L,F2,
259,9,30,2,L',D2,
260,9,30,2,U2,R',
261,9,30,2,B2,R,
262,9,32,1,B2,,
263,9,41,2,U,B2,
264,9,41,2,U',L2,
265,9,41,2,L2,D',
266,9,41,2,B2,D,
267,9,43,2,U,B',
268,9,43,2,B',R,
269,9,46,2,U,B,
270,9,46,2,L,U,
271,9,46,2,B,L,
272,9,48,1,U,,
273,9,33,2,L,F',
274,9,33,2,B,D,
275,9,33,2,U',L,
276,9,35,2,B,D2,
277,9,35,2,B',R2,
278,9,35,2,U2,F,
279,9,35,2,L2,F',
280,9,38,1,B,,
281,9,40,2,U,R,
282,9,40,2,B,D',
283,9,40,2,L',B,
284,11,1,2,F,U2,
285,11,1,2,F',L2,
286,11,1,2,U2,B,
287,11,1,2,L2,B',
288,11,3,2,F,U',
289,11,3,2,U',R,
290,11,3,2,L',B',
291,11,6,2,U,L,
292,11,6,2,F,U,
293,11,6,2,L,F,
294,11,8,1,F,,
295,11,9,1,L',,
296,11,24,1,L2,,
297,11,26,1,L,,
298,11,12,2,U',F',
299,11,12,2,F',L',
300,11,12,2,L',U',
301,11,14,1,U',,
302,11,27,2,U,L2,
303,11,27,2,U',F2,
304,11,27,2,F2,D',
305,11,27,2,L2,D,
306,11,29,2,F,R',
307,11,29,2,L,D,
308,11,29,2,U',F,
309,11,15,2,L,F2,
310,11,15,2,L',U2,
311,11,15,2,U2,R',
312,11,15,2,F2,R,
313,11,17,1,U2,,
314,11,30,1,F2,,
315,11,32,2,L,D2,
316,11,32,2,L',B2,
317,11,32,2,U2,R,
318,11,32,2,F2,R',
319,11,41,2,U,B,
320,11,41,2,L,D',
321,11,41,2,F',L,
322,11,43,2,U,B2,
323,11,43,2,U',R2,
324,11,46,1,U,,
325,11,48,2,U,B',
326,11,48,2,F,R,
327,11,48,2,L',U,
328,11,48,2,F2,D,
329,11,48,2,L2,D',
330,11,33,1,F',,
331,11,35,2,L,F',
332,11,35,2,U',R',
333,11,35,2,F',D,
334,11,38,2,U,L',
335,11,38,2,F',D',
336,11,38,2,L',B,
337,11,40,2,F,R2,
338,11,40,2,F',D2,
339,11,40,2,U2,B',
340,11,40,2,L2,B,
341,24,1,1,B',,
342,24,3,2,L,B',
343,24,3,2,B',U,
344,24,6,2,D,L',
345,24,6,2,L',F,
346,24,6,2,B',U',
347,24,8,2,B,R2,
348,24,8,2,D',R',
349,24,8,2,B',U2,
350,24,8,2,D2,F',
351,24,8,2,L2,F,
352,24,9,1,L,,
353,24,11,1,L2,,
354,24,26,1,L',,
355,24,12,2,D,F,
356,24,12,2,L,U',
357,24,12,2,D',U2,
358,24,12,2,B',L,
359,24,14,2,D,F2,
360,24,14,2,L2,U',
361,24,14,2,B2,U,
362,24,27,1,D,,
363,24,29,2,D,F',
364,24,29,2,B,R,
365,24,29,2,D',R2,
366,24,29,2,L',D,
367,24,15,2,L,U2,
368,24,15,2,D',U,
369,24,15,2,L',F2,
370,24,15,2,D2,R,
371,24,15,2,B2,R',
372,24,17,1,B2,,
373,24,30,1,D2,,
374,24,32,2,L,B2,
375,24,32,2,L',D2,
376,24,32,2,D2,R',
377,24,32,2,B2,R,
378,24,41,2,D',B2,
379,24,41,2,L',D',
380,24,41,2,B',L',
381,24,43,2,D',B',
382,24,46,2,D,L2,
383,24,46,2,D',B,
384,24,46,2,L2,U,
385,24,46,2,B2,U',
386,24,48,1,D',,
387,24,33,2,B,D2,
388,24,33,2,B',L2,
389,24,33,2,D2,F,
390,24,33,2,L2,F',
391,24,35,2,B,D',
392,24,35,2,L',F',
393,24,38,2,D,L,
394,24,38,2,L,B,
395,24,38,2,B,D,
396,24,40,1,B,,
397,26,1,2,F,U,
398,26,1,2,L,B',
399,26,1,2,D',L,
400,26,3,2,F,U2,
401,26,3,2,F',R2,
402,26,3,2,D2,B,
403,26,3,2,L2,B',
404,26,6,1,F,,
405,26,8,2,F,U',
406,26,8,2,D,R,
407,26,8,2,L',F,
408,26,9,1,L2,,
409,26,11,1,L',,
410,26,24,1,L,,
411,26,12,2,D,F2,
412,26,12,2,D',L2,
413,26,12,2,F2,U,
414,26,12,2,L2,U',
415,26,14,2,D,F',
416,26,14,2,F',R,
417,26,14,2,L',U',
418,26,27,2,F,L,
419,26,27,2,D,F,
420,26,27,2,L,D,
421,26,29,1,D,,
422,26,15,1,F2,,
423,26,17,2,L,B2,
424,26,17,2,L',U2,
425,26,17,2,F2,R,
426,26,17,2,D2,R',
427,26,30,2,L,D2,
428,26,30,2,L',F2,
429,26,30,2,F2,R',
430,26,30,2,D2,R,
431,26,32,1,D2,,
432,26,41,1,D',,
433,26,43,2,F',R',
434,26,43,2,D',B,
435,26,46,2,F,L',
436,26,46,2,D',B',
437,26,46,2,L',U,
438,26,48,2,D,R2,
439,26,48,2,L,D',
440,26,48,2,D',B2,
441,26,48,2,F2,U',
442,26,48,2,L2,U,
443,26,33,2,F',D',
444,26,33,2,D',L',
445,26,33,2,L',F',
446,26,35,1,F',,
447,26,38,2,F,L2,
448,26,38,2,F',D2,
449,26,38,2,D2,B',
450,26,38,2,L2,B,
451,26,40,2,D,R',
452,26,40,2,L,B,
453,26,40,2,F',D,
454,12,1,1,L',,
455,12,3,2,U,B',
456,12,3,2,F,R,
457,12,3,2,L',U,
458,12,6,2,U',F',
459,12,6,2,F',L',
460,12,6,2,L',U',
461,12,8,2,L,F2,
462,12,8,2,L',U2,
463,12,8,2,U2,R',
464,12,8,2,F2,R,
465,12,9,1,U,,
466,12,11,2,U,L,
467,12,11,2,F,U,
468,12,11,2,L,F,
469,12,24,2,U,L',
470,12,24,2,F',D',
471,12,24,2,L',B,
472,12,24,2,U2,D,
473,12,26,2,U,L2,
474,12,26,2,U',F2,
475,12,26,2,F2,D',
476,12,26,2,L2,D,
477,12,14,1,F,,
478,12,27,1,F',,
479,12,29,1,F2,,
480,12,15,1,U',,
481,12,17,2,F,U',
482,12,17,2,U',R,
483,12,17,2,L',B',
484,12,30,2,L,F',
485,12,30,2,U',R',
486,12,30,2,F',D,
487,12,30,2,U2,D',
488,12,32,2,U,B2,
489,12,32,2,U',R2,
490,12,32,2,F2,D,
491,12,32,2,L2,D',
492,12,41,1,L2,,
493,12,43,2,F,R2,
494,12,43,2,U2,B',
495,12,43,2,L2,B,
496,12,46,2,F,U2,
497,12,46,2,F',L2,
498,12,46,2,U2,B,
499,12,46,2,L2,B',
500,12,48,1,U2,,
501,12,33,1,L,,
502,12,35,2,F,R',
503,12,35,2,L,D,
504,12,35,2,U',F,
505,12,38,2,U,B,
506,12,38,2,L,D',
507,12,38,2,F',L,
508,12,40,2,L,D2,
509,12,40,2,L',B2,
510,12,40,2,U2,R,
511,12,40,2,F2,R',
512,14,1,2,R,U',
513,14,1,2,U',B,
514,14,1,2,F',L',
515,14,3,1,R,,
516,14,6,2,R,U2,
517,14,6,2,R',F2,
518,14,6,2,U2,L,
519,14,6,2,F2,L',
520,14,8,2,U,F,
521,14,8,2,R,U,
522,14,8,2,F,R,
523,14,9,2,U,L',
524,14,9,2,R,B,
525,14,9,2,F',U,
526,14,11,1,U,,
527,14,24,2,U,L2,
528,14,24,2,U',B2,
529,14,24,2,F2,D',
530,14,26,2,U,L,
531,14,26,2,F,D',
532,14,26,2,R',F,
533,14,12,1,F',,
534,14,27,1,F2,,
535,14,29,1,F,,
536,14,15,2,U',R',
537,14,15,2,R',F',
538,14,15,2,F',U',
539,14,17,1,U',,
540,14,30,2,U,F2,
541,14,30,2,U',R2,
542,14,30,2,F2,D,
543,14,32,2,R,B',
544,14,32,2,F,D,
545,14,32,2,U',R,
546,14,41,2,F,D2,
547,14,41,2,F',L2,
548,14,41,2,U2,B,
549,14,41,2,R2,B',
550,14,43,1,R2,,
551,14,46,1,U2,,
552,14,48,2,F,R2,
553,14,48,2,F',U2,
554,14,48,2,U2,B',
555,14,48,2,R2,B,
556,14,48,2,F2,D2,
557,14,33,2,U,F',
558,14,33,2,R',D',
559,14,33,2,F',L,
560,14,35,1,R',,
561,14,38,2,R,B2,
562,14,38,2,R',D2,
563,14,38,2,U2,L',
564,14,38,2,F2,L,
565,14,40,2,F,R',
566,14,40,2,U',B',
567,14,40,2,R',D,
568,27,1,2,F,L',
569,27,1,2,D',B',
570,27,1,2,L',U,
571,27,3,2,L,B2,
572,27,3,2,L',U2,
573,27,3,2,F2,R,
574,27,6,1,L',,
575,27,8,2,D,F',
576,27,8,2,F',R,
577,27,8,2,L',U',
578,27,8,2,D2,R',
579,27,9,2,F,U,
580,27,9,2,L,B',
581,27,9,2,D',L,
582,27,9,2,D2,U',
583,27,11,2,D,F2,
584,27,11,2,D',L2,
585,27,11,2,F2,U,
586,27,11,2,L2,U',
587,27,24,1,D',,
588,27,26,2,F',D',
589,27,26,2,D',L',
590,27,26,2,L',F',
591,27,12,1,F,,
592,27,14,1,F2,,
593,27,29,1,F',,
594,27,15,2,F,U',
595,27,15,2,D,R,
596,27,15,2,L',F,
597,27,15,2,D2,U,
598,27,17,2,D,R2,
599,27,17,2,D',B2,
600,27,17,2,F2,U',
601,27,17,2,L2,U,
602,27,30,1,D,,
603,27,32,2,D,R',
604,27,32,2,L,B,
605,27,32,2,F',D,
606,27,41,2,F,L2,
607,27,41,2,F',D2,
608,27,41,2,D2,B2,
609,27,41,2,L2,B,
610,27,43,2,F2,R2,
611,27,43,2,D2,B',
612,27,43,2,L2,B2,
613,27,46,1,L2,,
614,27,48,1,D2,,
615,27,33,2,F,L,
616,27,33,2,D,F,
617,27,33,2,L,D,
618,27,35,2,L,D2,
619,27,35,2,L',F2,
620,27,35,2,F2,R',
621,27,38,1,L,,
622,27,40,2,L,D',
623,27,40,2,F',R',
624,27,40,2,D',B,
625,27,40,2,D2,R,
626,29,1,2,R,U2,
627,29,1,2,R',B2,
628,29,1,2,F2,L',
629,29,1,2,D2,L,
630,29,3,2,R,U',
631,29,3,2,D,B,
632,29,3,2,F',R,
633,29,6,2,R,U,
634,29,6,2,F,L',
635,29,6,2,D',F,
636,29,8,1,R,,
637,29,9,2,D,B2,
638,29,9,2,D',L2,
639,29,9,2,R2,U',
640,29,9,2,F2,U,
641,29,11,2,R,F',
642,29,11,2,F',U,
643,29,11,2,D',L',
644,29,24,2,F,D',
645,29,24,2,R',B',
646,29,24,2,D',L,
647,29,24,2,R2,D,
648,29,26,1,D',,
649,29,12,1,F2,,
650,29,14,1,F',,
651,29,27,1,F,,
652,29,15,2,D,R2,
653,29,15,2,D',F2,
654,29,15,2,R2,U,
655,29,15,2,F2,U',
656,29,17,2,D,R',
657,29,17,2,R',B,
658,29,17,2,F',U',
659,29,30,2,R,F,
660,29,30,2,F,D,
661,29,30,2,D,R,
662,29,30,2,R2,D',
663,29,32,1,D,,
664,29,41,1,D2,,
665,29,43,2,F',R2,
666,29,43,2,R2,B',
667,29,43,2,D2,B,
668,29,46,2,F,L2,
669,29,46,2,F',U2,
670,29,46,2,R2,B,
671,29,46,2,D2,B',
672,29,48,1,R2,,
673,29,33,2,R,F2,
674,29,33,2,R',D2,
675,29,33,2,F2,L,
676,29,33,2,D2,L',
677,29,35,2,R',D',
678,29,35,2,F',R',
679,29,35,2,D',F',
680,29,38,2,F,L,
681,29,38,2,D,B',
682,29,38,2,R',D,
683,29,40,1,R',,
684,15,1,2,U,L',
685,15,1,2,R,B,
686,15,1,2,F',U,
687,15,3,2,F,R2,
688,15,3,2,F',U2,
689,15,3,2,U2,B',
690,15,3,2,R2,B,
691,15,6,1,F',,
692,15,8,2,U',R',
693,15,8,2,R',F',
694,15,8,2,F',U',
695,15,9,1,U2,,
696,15,11,2,R,U2,
697,15,11,2,R',F2,
698,15,11,2,U2,L,
699,15,11,2,F2,L',
700,15,24,2,R,B2,
701,15,24,2,U',D,
702,15,24,2,R',D2,
703,15,24,2,U2,L',
704,15,24,2,F2,L,
705,15,26,1,F2,,
706,15,12,1,U,,
707,15,14,2,U,F,
708,15,14,2,R,U,
709,15,14,2,F,R,
710,15,27,2,U,F',
711,15,27,2,U',D2,
712,15,27,2,R',D',
713,15,27,2,F',L,
714,15,29,2,U,F2,
715,15,29,2,U',R2,
716,15,29,2,R2,D',
717,15,29,2,F2,D,
718,15,17,1,R,,
719,15,30,1,R',,
720,15,32,1,R2,,
721,15,41,2,U,L2,
722,15,41,2,U',B2,
723,15,41,2,R2,D,
724,15,41,2,F2,D',
725,15,43,2,F,R',
726,15,43,2,U',B',
727,15,46,2,R,U',
728,15,46,2,U',B,
729,15,46,2,F',L',
730,15,48,1,U',,
731,15,33,2,U,L,
732,15,33,2,F,D',
733,15,33,2,R',F,
734,15,35,1,F,,
735,15,38,2,F,D2,
736,15,38,2,F',L2,
737,15,38,2,U2,B,
738,15,38,2,R2,B',
739,15,40,2,R,B',
740,15,40,2,F,D,
741,15,40,2,U',R,
742,17,1,1,B,,
743,17,3,2,U,R,
744,17,3,2,R,B,
745,17,3,2,B,U,
746,17,6,2,B,U',
747,17,6,2,U',L,
748,17,6,2,R',F',
749,17,8,2,B,U2,
750,17,8,2,B',R2,
751,17,8,2,U2,F,
752,17,8,2,R2,F',
753,17,9,2,R,B2,
754,17,9,2,R',U2,
755,17,9,2,U2,L',
756,17,9,2,B2,L,
757,17,11,1,U2,,
758,17,24,1,B2,,
759,17,26,2,R,D2,
760,17,26,2,R',F2,
761,17,26,2,U2,L,
762,17,26,2,B2,L',
763,17,12,2,U,F',
764,17,12,2,B,L,
765,17,12,2,R',U,
766,17,14,1,U,,
767,17,27,2,U,F2,
768,17,27,2,U',L2,
769,17,27,2,R2,D',
770,17,27,2,B2,D,
771,17,29,2,U,F,
772,17,29,2,R,D',
773,17,29,2,B',R,
774,17,15,1,R',,
775,17,30,1,R2,,
776,17,32,1,R,,
777,17,41,2,R,D,
778,17,41,2,B,L',
779,17,41,2,U',B,
780,17,43,2,U,R2,
781,17,43,2,U',B2,
782,17,46,1,U',,
783,17,48,2,U',B',
784,17,48,2,R',U',
785,17,48,2,B',R',
786,17,48,2,R2,D,
787,17,48,2,B2,D',
788,17,33,2,B,L2,
789,17,33,2,B',D2,
790,17,33,2,U2,F',
791,17,33,2,R2,F,
792,17,35,2,U,R',
793,17,35,2,R',F,
794,17,35,2,B',D',
795,17,38,2,R,B',
796,17,38,2,U',L',
797,17,38,2,B',D,
798,17,40,1,B',,
799,30,1,2,F,L2,
800,30,1,2,F',U2,
801,30,1,2,R2,B,
802,30,1,2,D2,B',
803,30,3,2,R',B,
804,30,3,2,F',U',
805,30,6,2,R,F',
806,30,6,2,F',U,
807,30,6,2,D',L',
808,30,8,1,F',,
809,30,9,2,R,U2,
810,30,9,2,D,U',
811,30,9,2,R',B2,
812,30,9,2,F2,L',
813,30,9,2,D2,L,
814,30,11,1,F2,,
815,30,24,1,D2,,
816,30,26,2,R,F2,
817,30,26,2,R',D2,
818,30,26,2,F2,L,
819,30,26,2,D2,L',
820,30,12,2,R,U,
821,30,12,2,F,L',
822,30,12,2,D,U2,
823,30,12,2,D',F,
824,30,14,2,D',F2,
825,30,14,2,R2,U,
826,30,14,2,F2,U',
827,30,27,1,D',,
828,30,29,2,D,R2,
829,30,29,2,R',D',
830,30,29,2,F',R',
831,30,29,2,D',F',
832,30,15,1,R,,
833,30,17,1,R2,,
834,30,32,1,R',,
835,30,41,2,F,L,
836,30,41,2,D,B2,
837,30,41,2,R',D,
838,30,43,2,D,B',
839,30,46,2,D,B,
840,30,46,2,D',L2,
841,30,46,2,R2,U',
842,30,46,2,F2,U,
843,30,48,1,D,,
844,30,33,1,F,,
845,30,35,2,R,F,
846,30,35,2,F,D,
847,30,38,2,F,D',
848,30,38,2,R',B',
849,30,38,2,D',L,
850,30,40,2,F,D2,
851,30,40,2,D,R,
852,30,40,2,F',R2,
853,30,40,2,R2,B',
854,30,40,2,D2,B,
855,32,1,2,D,L,
856,32,1,2,B,U',
857,32,1,2,R',B,
858,32,3,1,B,,
859,32,6,2,B,U2,
860,32,6,2,B',L2,
861,32,6,2,R2,F',
862,32,6,2,D2,F,
863,32,8,2,R,F',
864,32,8,2,B,U,
865,32,8,2,D',R,
866,32,9,1,B2,,
867,32,11,2,R,F2,
868,32,11,2,R',U2,
869,32,11,2,D2,L',
870,32,11,2,B2,L,
871,32,24,2,R,D2,
872,32,24,2,R',B2,
873,32,24,2,D2,L,
874,32,24,2,B2,L',
875,32,26,1,D2,,
876,32,12,2,D,L2,
877,32,12,2,D',F2,
878,32,12,2,R2,U,
879,32,12,2,B2,U',
880,32,14,2,B,R',
881,32,14,2,R',U,
882,32,14,2,D',F',
883,32,27,2,R,D',
884,32,27,2,D',F,
885,32,27,2,B',L',
886,32,29,1,D',,
887,32,15,1,R2,,
888,32,17,1,R',,
889,32,30,1,R,,
890,32,41,1,D,,
891,32,43,2,D,B,
892,32,43,2,B,R,
893,32,46,2,D,B',
894,32,46,2,R',U',
895,32,46,2,B',L,
896,32,48,2,R,D,
897,32,48,2,D,B2,
898,32,48,2,D',R2,
899,32,48,2,R2,U',
900,32,48,2,B2,U,
901,32,33,2,R,F,
902,32,33,2,D,L',
903,32,33,2,B',D,
904,32,35,2,B,R2,
905,32,35,2,B',D2,
906,32,35,2,R2,F,
907,32,35,2,D2,F',
908,32,38,1,B',,
909,32,40,2,R',B',
910,32,40,2,D',R',
911,32,40,2,B',D',
912,41,1,1,L,,
913,41,3,2,L,U,
914,41,3,2,B,R',
915,41,3,2,D',B,
916,41,6,2,D,F,
917,41,6,2,L,U',
918,41,6,2,B',L,
919,41,8,2,L,U2,
920,41,8,2,L',F2,
921,41,8,2,D2,R,
922,41,8,2,B2,R',
923,41,9,2,D,L2,
924,41,9,2,D',B2,
925,41,9,2,L2,U,
926,41,9,2,B2,U',
927,41,11,2,D,L',
928,41,11,2,L',F,
929,41,11,2,B',U',
930,41,24,2,D,L,
931,41,24,2,L,B,
932,41,24,2,B2,D,
933,41,26,1,D,,
934,41,12,1,L2,,
935,41,14,2,B,R2,
936,41,14,2,B',U2,
937,41,14,2,D2,F',
938,41,14,2,L2,F,
939,41,27,2,B',L2,
940,41,27,2,D2,F,
941,41,27,2,L2,F',
942,41,27,2,B2,D2,
943,41,29,1,D2,,
944,41,15,2,D,F2,
945,41,15,2,D',R2,
946,41,15,2,L2,U',
947,41,15,2,B2,U,
948,41,17,2,L,B',
949,41,17,2,D',R',
950,41,17,2,B',U,
951,41,30,2,D',R,
952,41,30,2,L',F',
953,41,30,2,B2,D',
954,41,32,1,D',,
955,41,43,1,B,,
956,41,46,1,B',,
957,41,48,1,B2,,
958,41,33,1,L',,
959,41,35,2,D,F',
960,41,35,2,B,R,
961,41,35,2,L',D,
962,41,38,2,D',B',
963,41,38,2,L',D',
964,41,38,2,B',L',
965,41,40,2,L,B2,
966,41,40,2,L',D2,
967,41,40,2,D2,R',
968,41,40,2,B2,R,
969,43,1,2,R',U',
970,43,1,2,B',L,
971,43,3,1,R',,
972,43,6,2,R,F2,
973,43,6,2,R',U2,
974,43,6,2,B2,L,
975,43,8,2,B,R',
976,43,8,2,R',U,
977,43,9,2,B,U',
978,43,9,2,R',B,
979,43,11,2,R2,U,
980,43,11,2,B2,U',
981,43,24,2,B,D,
982,43,26,2,R,F,
983,43,26,2,B',D,
984,43,12,2,B,U2,
985,43,12,2,B',L2,
986,43,12,2,R2,F',
987,43,14,1,R2,,
988,43,27,2,B,D2,
989,43,27,2,R2,F2,
990,43,27,2,B2,L2,
991,43,29,2,B,R2,
992,43,29,2,B',D2,
993,43,29,2,R2,F,
994,43,15,2,R,F',
995,43,15,2,B,U,
996,43,17,2,R2,U',
997,43,17,2,B2,U,
998,43,30,2,B,D',
999,43,32,2,R',B',
1000,43,32,2,B',D',
1001,43,41,1,B',,
1002,43,46,1,B2,,
1003,43,48,1,B,,
1004,43,33,2,R,D',
1005,43,33,2,B',L',
1006,43,35,1,R,,
1007,43,38,2,R,D2,
1008,43,38,2,R',B2,
1009,43,38,2,B2,L',
1010,43,40,2,R,D,
1011,43,40,2,B,R,
1012,46,1,2,U,B,
1013,46,1,2,L,U,
1014,46,1,2,B,L,
1015,46,3,2,L,U2,
1016,46,3,2,L',B2,
1017,46,3,2,U2,R,
1018,46,3,2,B2,R',
1019,46,6,1,L,,
1020,46,8,2,L,U',
1021,46,8,2,U',F,
1022,46,8,2,B',R',
1023,46,9,2,U',L',
1024,46,9,2,L',B',
1025,46,9,2,B',U',
1026,46,11,1,U',,
1027,46,24,2,U,B2,
1028,46,24,2,U',L2,
1029,46,24,2,B',D,
1030,46,24,2,L2,D',
1031,46,26,2,L,F',
1032,46,26,2,B,D,
1033,46,26,2,U',L,
1034,46,12,2,B,L2,
1035,46,12,2,B',U2,
1036,46,12,2,U2,F',
1037,46,12,2,L2,F,
1038,46,14,1,U2,,
1039,46,27,1,L2,,
1040,46,29,2,B,D2,
1041,46,29,2,B',R2,
1042,46,29,2,U2,F,
1043,46,29,2,L2,F',
1044,46,15,2,U,R',
1045,46,15,2,L,F,
1046,46,15,2,B',U,
1047,46,17,1,U,,
1048,46,30,2,U,R2,
1049,46,30,2,U',F2,
1050,46,30,2,B',D',
1051,46,30,2,L2,D,
1052,46,32,2,U,R,
1053,46,32,2,B,D',
1054,46,32,2,L',B,
1055,46,41,1,B,,
1056,46,43,1,B2,,
1057,46,48,1,B',,
1058,46,33,2,B,L',
1059,46,33,2,U',F',
1060,46,33,2,L',D,
1061,46,35,2,L,F2,
1062,46,35,2,L',D2,
1063,46,35,2,U2,R',
1064,46,35,2,B2,R,
1065,46,38,1,L',,
1066,46,40,2,U,B',
1067,46,40,2,L',D',
1068,46,40,2,B',R,
1069,48,1,2,R,B2,
1070,48,1,2,D,B',
1071,48,1,2,R',U2,
1072,48,1,2,U2,L',
1073,48,1,2,B2,L,
1074,48,3,2,U',B',
1075,48,3,2,R',U',
1076,48,3,2,B',R',
1077,48,6,2,U,F',
1078,48,6,2,B,L,
1079,48,6,2,R',U,
1080,48,6,2,D2,L',
1081,48,8,1,R',,
1082,48,9,1,U',,
1083,48,11,2,D,L2,
1084,48,11,2,B,U',
1085,48,11,2,U',L,
1086,48,11,2,R',F',
1087,48,11,2,D',F2,
1088,48,24,1,D,,
1089,48,26,2,U,F2,
1090,48,26,2,D,L',
1091,48,26,2,U',L2,
1092,48,26,2,R2,D',
1093,48,26,2,B2,D,
1094,48,12,1,U2,,
1095,48,14,2,B,U2,
1096,48,14,2,B',R2,
1097,48,14,2,U2,F,
1098,48,14,2,R2,F',
1099,48,14,2,D2,F2,
1100,48,27,1,D2,,
1101,48,29,1,R2,,
1102,48,15,1,U,,
1103,48,17,2,U,R,
1104,48,17,2,R,B,
1105,48,17,2,D,B2,
1106,48,17,2,B,U,
1107,48,17,2,D',R2,
1108,48,30,1,D',,
1109,48,32,2,U,R2,
1110,48,32,2,U',B2,
1111,48,32,2,D',R',
1112,48,32,2,R2,D,
1113,48,32,2,B2,D',
1114,48,41,1,B2,,
1115,48,43,1,B',,
1116,48,46,1,B,,
1117,48,33,2,R,D2,
1118,48,33,2,R',F2,
1119,48,33,2,D',F,
1120,48,33,2,U2,L,
1121,48,33,2,B2,L',
1122,48,35,2,U,F,
1123,48,35,2,R,D',
1124,48,35,2,B',R,
1125,48,38,2,R,D,
1126,48,38,2,B,L',
1127,48,38,2,U',B,
1128,48,38,2,D2,L,
1129,48,40,1,R,,
1130,33,1,1,L2,,
1131,33,3,2,D,R2,
1132,33,3,2,D',B2,
1133,33,3,2,F2,U',
1134,33,3,2,L2,U,
1135,33,6,2,D,F2,
1136,33,6,2,D',L2,
1137,33,6,2,F2,U,
1138,33,6,2,L2,U',
1139,33,8,1,F2,,
1140,33,9,2,F,L',
1141,33,9,2,D',B',
1142,33,9,2,L',U,
1143,33,11,1,F,,
1144,33,24,2,F,L2,
1145,33,24,2,F',D2,
1146,33,24,2,D2,B',
1147,33,24,2,L2,B,
1148,33,26,2,F,L,
1149,33,26,2,D,F,
1150,33,26,2,L,D,
1151,33,12,1,L',,
1152,33,14,2,F,U',
1153,33,14,2,D,R,
1154,33,14,2,L',F,
1155,33,27,2,F',D',
1156,33,27,2,D',L',
1157,33,27,2,L',F',
1158,33,29,2,L,D2,
1159,33,29,2,L',F2,
1160,33,29,2,F2,R',
1161,33,29,2,D2,R,
1162,33,15,2,D,F',
1163,33,15,2,F',R,
1164,33,15,2,L',U',
1165,33,17,2,F,U2,
1166,33,17,2,F',R2,
1167,33,17,2,D2,B,
1168,33,17,2,L2,B',
1169,33,30,1,F',,
1170,33,32,2,L,D',
1171,33,32,2,F',R',
1172,33,32,2,D',B,
1173,33,41,1,L,,
1174,33,43,2,D,R',
1175,33,43,2,L,B,
1176,33,46,2,F,U,
1177,33,46,2,L,B',
1178,33,46,2,D',L,
1179,33,48,2,L,B2,
1180,33,48,2,F',D,
1181,33,48,2,L',U2,
1182,33,48,2,F2,R,
1183,33,48,2,D2,R',
1184,33,35,1,D,,
1185,33,38,1,D',,
1186,33,40,1,D2,,
1187,35,1,2,D,B2,
1188,35,1,2,D',L2,
1189,35,1,2,R2,U',
1190,35,1,2,F2,U,
1191,35,3,1,R2,,
1192,35,6,1,F2,,
1193,35,8,2,D,R2,
1194,35,8,2,D',F2,
1195,35,8,2,R2,U,
1196,35,8,2,F2,U',
1197,35,9,2,F,L2,
1198,35,9,2,F',U2,
1199,35,9,2,R2,B,
1200,35,9,2,D2,B',
1201,35,11,2,R,U,
1202,35,11,2,F,L',
1203,35,11,2,D',F,
1204,35,24,2,F,L,
1205,35,24,2,D,B',
1206,35,26,1,F,,
1207,35,12,2,R,F',
1208,35,12,2,F',U,
1209,35,12,2,D',L',
1210,35,14,1,R,,
1211,35,27,2,R,F2,
1212,35,27,2,F2,L,
1213,35,27,2,D2,L',
1214,35,29,2,R,F,
1215,35,29,2,F,D,
1216,35,29,2,D,R,
1217,35,15,1,F',,
1218,35,17,2,R,U',
1219,35,17,2,D,B,
1220,35,17,2,F',R,
1221,35,30,2,F',R',
1222,35,30,2,D',F',
1223,35,32,2,F,D2,
1224,35,32,2,F',R2,
1225,35,32,2,R2,B',
1226,35,32,2,D2,B,
1227,35,41,2,F,D',
1228,35,41,2,R',B',
1229,35,41,2,D',L,
1230,35,43,1,R',,
1231,35,46,2,R,U2,
1232,35,46,2,R',B2,
1233,35,46,2,F2,L',
1234,35,46,2,D2,L,
1235,35,48,2,D,R',
1236,35,48,2,R',B,
1237,35,48,2,F',U',
1238,35,33,1,D',,
1239,35,38,1,D2,,
1240,35,40,1,D,,
1241,38,1,2,D,L2,
1242,38,1,2,D',B2,
1243,38,1,2,L2,U,
1244,38,1,2,B2,U',
1245,38,3,1,B2,,
1246,38,6,1,L2,,
1247,38,8,2,D,F2,
1248,38,8,2,D',R2,
1249,38,8,2,L2,U',
1250,38,8,2,B2,U,
1251,38,9,1,B',,
1252,38,11,2,D,F,
1253,38,11,2,L,U',
1254,38,11,2,B',L,
1255,38,24,2,D',B',
1256,38,24,2,L',D',
1257,38,24,2,B',L',
1258,38,26,2,B,D2,
1259,38,26,2,B',L2,
1260,38,26,2,D2,F,
1261,38,26,2,L2,F',
1262,38,12,2,D,L',
1263,38,12,2,L',F,
1264,38,12,2,B',U',
1265,38,14,2,L,U2,
1266,38,14,2,L',F2,
1267,38,14,2,D2,R,
1268,38,14,2,B2,R',
1269,38,27,1,L',,
1270,38,29,2,B,D',
1271,38,29,2,D',R,
1272,38,29,2,L',F',
1273,38,15,2,B,R2,
1274,38,15,2,B',U2,
1275,38,15,2,D2,F',
1276,38,15,2,L2,F,
1277,38,17,2,L,U,
1278,38,17,2,B,R',
1279,38,17,2,D',B,
1280,38,30,2,D,F',
1281,38,30,2,B,R,
1282,38,30,2,L',D,
1283,38,32,1,B,,
1284,38,41,2,D,L,
1285,38,41,2,L,B,
1286,38,41,2,B,D,
1287,38,43,2,L,B2,
1288,38,43,2,D2,R',
1289,38,43,2,B2,R,
1290,38,46,1,L,,
1291,38,48,2,L,B',
1292,38,48,2,D',R',
1293,38,48,2,L',D2,
1294,38,48,2,B',U,
1295,38,33,1,D,,
1296,38,35,1,D2,,
1297,38,40,1,D',,
1298,40,1,1,B2,,
1299,40,3,2,D,B2,
1300,40,3,2,D',R2,
1301,40,3,2,R2,U',
1302,40,3,2,B2,U,
1303,40,6,2,D,L2,
1304,40,6,2,D',F2,
1305,40,6,2,R2,U,
1306,40,6,2,B2,U',
1307,40,8,1,R2,,
1308,40,9,2,D,B',
1309,40,9,2,R',U',
1310,40,9,2,B',L,
1311,40,11,2,B,U2,
1312,40,11,2,B',L2,
1313,40,11,2,R2,F',
1314,40,11,2,D2,F,
1315,40,24,1,B',,
1316,40,26,2,R,D',
1317,40,26,2,D',F,
1318,40,26,2,B',L',
1319,40,12,2,R,F2,
1320,40,12,2,R',U2,
1321,40,12,2,D2,L',
1322,40,12,2,B2,L,
1323,40,14,2,R,F',
1324,40,14,2,B,U,
1325,40,14,2,D',R,
1326,40,27,2,R,F,
1327,40,27,2,D,L',
1328,40,27,2,R',D2,
1329,40,27,2,B',D,
1330,40,29,1,R,,
1331,40,15,2,B,R',
1332,40,15,2,R',U,
1333,40,15,2,D',F',
1334,40,17,1,B,,
1335,40,30,2,B,R2,
1336,40,30,2,R',D',
1337,40,30,2,B',D2,
1338,40,30,2,R2,F,
1339,40,30,2,D2,F',
1340,40,32,2,R,D,
1341,40,32,2,D,B,
1342,40,32,2,B,R,
1343,40,41,2,R,D2,
1344,40,41,2,R',B2,
1345,40,41,2,D2,L,
1346,40,41,2,B2,L',
1347,40,43,2,R',B',
1348,40,43,2,D',R',
1349,40,46,2,D,L,
1350,40,46,2,B,U',
1351,40,46,2,R',B,
1352,40,48,1,R',,
1353,40,33,1,D2,,
1354,40,35,1,D',,
1355,40,38,1,D,,
